stratum,min,max,mean,std,stratum_size,stratum_sample_size
"(0.999, 8.0]",1,8,6.186261759223132,1.668274868582216,415206,60
"(8.0, 12.0]",9,12,10.397414978828987,1.101268711379975,444948,60
"(12.0, 78.0]",13,78,16.12842512208356,3.532488130674872,353856,60
