{"precision": 0.878698224852071, "recall": 0.9138461538461539, "f1-score": 0.8959276018099548, "accuracy": 0.8431818181818181, "avg_cost": 0.0}