{"precision": 0.8858858858858859, "recall": 0.9076923076923077, "f1-score": 0.8966565349544073, "accuracy": 0.8454545454545455, "avg_cost": null}