{"precision": 0.9415384615384615, "recall": 0.9415384615384615, "f1-score": 0.9415384615384615, "accuracy": 0.9328621908127208, "avg_cost": null}