{"precision": 0.865546218487395, "recall": 0.9507692307692308, "f1-score": 0.906158357771261, "accuracy": 0.8969404186795491, "avg_cost": 0.52766}