{"precision": 0.9446153846153846, "recall": 0.9446153846153846, "f1-score": 0.9446153846153846, "accuracy": 0.9363957597173145, "avg_cost": 0.0}