{"precision": 0.8664772727272727, "recall": 0.9384615384615385, "f1-score": 0.9010339734121122, "accuracy": 0.8921095008051529, "avg_cost": 0.0}