{"precision": 0.9910979228486647, "recall": 0.8413098236775819, "f1-score": 0.9100817438692098, "accuracy": 0.872093023255814, "avg_cost": 0.19025300000000003}