{"precision": 0.989501312335958, "recall": 0.9496221662468514, "f1-score": 0.9691516709511568, "accuracy": 0.9534883720930233, "avg_cost": 0.0}