{"precision": 0.8520286396181385, "recall": 0.8992443324937027, "f1-score": 0.875, "accuracy": 0.8104089219330854, "avg_cost": 0.0}