{"precision": 0.844632768361582, "recall": 0.7531486146095718, "f1-score": 0.796271637816245, "accuracy": 0.7156133828996283, "avg_cost": 0.5965609999999999}