{"precision": 0.9555555555555556, "recall": 0.7581863979848866, "f1-score": 0.8455056179775281, "accuracy": 0.7955390334572491, "avg_cost": 0.0}