{"precision": 0.937037037037037, "recall": 0.8724137931034482, "f1-score": 0.9035714285714286, "accuracy": 0.9009174311926605, "avg_cost": 0.43040199999999995}