{"precision": 0.9330708661417323, "recall": 0.8172413793103448, "f1-score": 0.8713235294117647, "accuracy": 0.8184176394293126, "avg_cost": 0.424396}