{"precision": 0.8908450704225352, "recall": 0.8724137931034482, "f1-score": 0.8815331010452961, "accuracy": 0.854389721627409, "avg_cost": 1.32755}